budget,mapping_root,m2_model_id,m3_model_id,delta_R,predicted_delta_G_sign,delta_G_bits_per_token,ci_lower,ci_upper,prediction_concordant,ci_excludes_zero_in_predicted_direction
low,43101,M2-low-seed-43101,M3-low-seed-43101,-0.0025166901112255724,1,-0.002557565956738515,-0.006838834030050329,0.0015606315655950186,False,False
low,43102,M2-low-seed-43102,M3-low-seed-43102,-0.00037143072407530564,1,0.0005455163863561613,-0.0034391393916131593,0.0045559959585160055,True,False
low,43103,M2-low-seed-43103,M3-low-seed-43103,-0.003837535480064491,1,-0.00027759820146751373,-0.0035500128144103503,0.003033569721514694,False,False
current,43101,M2-current-seed-43101,M3-current-seed-43101,0.001010617039284012,-1,-0.005120993162120939,-0.009049637938481759,-0.001202717334181678,True,True
current,43102,M2-current-seed-43102,M3-current-seed-43102,0.00937383557998922,-1,-0.0011397734357259494,-0.0044013598686215225,0.0021208199507856927,True,False
current,43103,M2-current-seed-43103,M3-current-seed-43103,-0.0018657836912790993,1,0.0029556716516954224,-0.0007470421850406125,0.006507607254716362,True,False
high,43101,M2-high-seed-43101,M3-high-seed-43101,0.003354947134629749,-1,0.0011341484363988578,-0.0024084461384502116,0.0046087575749657736,False,False
high,43102,M2-high-seed-43102,M3-high-seed-43102,0.005839997039802869,-1,-0.0021679062682585224,-0.004972325622371529,0.0007483086559269065,True,False
high,43103,M2-high-seed-43103,M3-high-seed-43103,-0.0014460931061917037,1,-0.0005772398050611147,-0.0038456159936517925,0.002761084315771671,False,False
