budget,seed,P_config_id,S_config_id,P_checkpoint_path,P_checkpoint_sha256,S_checkpoint_path,S_checkpoint_sha256,S_evaluated_archive_path,S_evaluated_archive_sha256,R_P_empirical_smoothed_nll_bits,R_S_empirical_smoothed_nll_bits,delta_R,S_loses_P,L_vis_P,L_vis_S,delta_L_vis_S_minus_P,description_bits_P,description_bits_S,delta_description_bits_S_minus_P,omega_P_complexity_penalty_bits_nll,omega_S_complexity_penalty_bits_nll,G_C,grad_norm_vision_mean,grad_norm_vision_batch_sd,grad_norm_projector_mean,grad_norm_projector_batch_sd,grad_norm_language_mean,grad_norm_language_batch_sd,dot_vision_projector_mean,dot_vision_projector_batch_sd,dot_vision_language_mean,dot_vision_language_batch_sd,dot_projector_language_mean,dot_projector_language_batch_sd,cos_vision_projector_mean,cos_vision_projector_batch_sd,cos_vision_language_mean,cos_vision_language_batch_sd,cos_projector_language_mean,cos_projector_language_batch_sd,D,D_batch_sd,D_norm,D_norm_batch_sd,training_loss_mean,training_loss_batch_sd,g_shared_sum_all_batches_pass,g_shared_sum_max_relative_l2_error,g_shared_sum_max_absolute_error,forward_loss_max_absolute_difference
2048,43101,P-budget-2048-seed-43101,S-budget-2048-seed-43101,/home/lizhaohui/lzq/stage3-ps-formal-20260726-1825/candidates/P-budget-2048-seed-43101/checkpoint.pt,8d69d0ab41adc158e1910acbb32c31915da5cfe36e4e90bb1dc2678f00a441aa,/home/lizhaohui/lzq/stage3-ps-formal-20260726-1825/candidates/S-budget-2048-seed-43101/checkpoint.pt,1138759bacda493c1eef82855a7e8e2fcc878217401f1f8ff8ce40e57c97f3b8,/home/lizhaohui/lzq/stage3-ps-formal-20260726-1825/candidates/S-budget-2048-seed-43101/adapter.mms2,5b4ce426008a6906ac8b28f0e669cf93d9371497d8dc94158182e9847658bb8d,5.734298328175512,6.024665310478756,0.29036698230324376,True,-0.13994036329668194,-0.13919773413781067,0.0007426291588712719,5976,3624,-2352,15.741806518211092,12.276370568568757,3.4654359496423357,0.0015266131131571761,0.00022233835693931126,0.05050539352313901,0.006821619413267542,0.08001896631265461,0.007518423701788681,7.024049417609349e-07,1.8068026856421625e-06,2.4484828141441345e-07,3.504548205167169e-06,-2.7944517045495085e-05,9.00780531871138e-05,0.008161837863320014,0.02311714629552565,0.0012139550489080528,0.028101137576479467,-0.008732447584875012,0.01990771458050073,0.1306907047216758,0.013006677981385096,0.9899771282573964,0.0074687376287925905,2.736638993024826,0.16716485405151715,True,9.003892783810669e-08,2.077285898849368e-09,0.0
2048,43102,P-budget-2048-seed-43102,S-budget-2048-seed-43102,/home/lizhaohui/lzq/stage3-ps-formal-20260726-1825/candidates/P-budget-2048-seed-43102/checkpoint.pt,2992aeb5c86e53bbb06224c7a3db77f51b742fad7ff94443736598e615815bf9,/home/lizhaohui/lzq/stage3-ps-formal-20260726-1825/candidates/S-budget-2048-seed-43102/checkpoint.pt,69627bfd7afe0547e8d10a1f5eef8ea5ea2169ae8d51d33981c47d971bca43fa,/home/lizhaohui/lzq/stage3-ps-formal-20260726-1825/candidates/S-budget-2048-seed-43102/adapter.mms2,29b4f68f01d2fa7158891a1d72a825a501e733fa4fac078d501b36332c19470b,6.2427506206200585,6.012137970625038,-0.2306126499950203,False,-0.13962446568142867,-0.1396270477130112,-2.5820315825431095e-06,5936,3600,-2336,15.689276806452801,12.23594391934962,3.4533328871031816,0.001712205976475723,0.00023974490806706023,0.04981588626210567,0.007633396952482609,0.0763973623224717,0.006809696673467877,2.943761403342044e-07,1.5659104148438428e-06,-8.837137678707268e-07,2.0829163094104364e-06,-2.1554522413485434e-05,6.702113886631883e-05,0.00180580986763928,0.0179685937169858,-0.007116104799700606,0.01771617800777978,-0.005606790780272871,0.017364254185600194,0.12612726463780327,0.012263885796142867,0.986140552378516,0.0073208984024667675,2.7319600731134415,0.16242896712820268,True,8.867134866806823e-08,2.5320332497358322e-09,0.0
2048,43103,P-budget-2048-seed-43103,S-budget-2048-seed-43103,/home/lizhaohui/lzq/stage3-ps-formal-20260726-1825/candidates/P-budget-2048-seed-43103/checkpoint.pt,321febdffc9c937d2c43675ec922d8e9fc2a8022821c1570090a75d52b2f4645,/home/lizhaohui/lzq/stage3-ps-formal-20260726-1825/candidates/S-budget-2048-seed-43103/checkpoint.pt,a89cc3e386cd0a9cd42abdce5439b43470866f039dedb7dc4dcb8cffb6c48035,/home/lizhaohui/lzq/stage3-ps-formal-20260726-1825/candidates/S-budget-2048-seed-43103/adapter.mms2,b812ed4306c6b83fb9ac7dfc80d8b9356e3068ee1ca7a45e7e534e622bd2126b,5.9714966789730095,5.949330245598655,-0.022166433374354533,False,-0.13939122144891275,-0.14097017956415442,-0.0015789581152416687,5552,3832,-1720,15.17573356813549,12.621303517219932,2.554430050915558,0.0017205758954160618,0.0002918508659380574,0.05438425670455905,0.007689271917934779,0.07336975262763958,0.0057858907221508,-2.1699896109553368e-07,2.058423127070497e-06,4.575843650836904e-07,2.9652060601076142e-06,-1.7103192759614486e-05,8.434970013079697e-05,-0.0036774822615908763,0.02073803160307279,0.0025588097663023337,0.021817334177146937,-0.0031268618781447716,0.019556704704526202,0.12660508014195243,0.011277473828721551,0.9779535531407596,0.0078899678258151,2.740817606449127,0.16118903822331299,True,8.760147454748724e-08,2.026354195550084e-09,0.0
4096,43101,P-budget-4096-seed-43101,S-budget-4096-seed-43101,/home/lizhaohui/lzq/stage3-ps-formal-20260726-1825/candidates/P-budget-4096-seed-43101/checkpoint.pt,0acd320c17144d42360bca1dc1e0df5d714907673f6a16319af248d1de85c26e,/home/lizhaohui/lzq/stage3-ps-formal-20260726-1825/candidates/S-budget-4096-seed-43101/checkpoint.pt,fbdee6602f954d7fa8d6d77fb77f1b4d598e742562d003fbaedd9d6bcc9a2880,/home/lizhaohui/lzq/stage3-ps-formal-20260726-1825/candidates/S-budget-4096-seed-43101/adapter.mms2,cf9887964ac8aa19cf0ca7e279410112c821892a43281f1a9a7e8a6bd5539bf2,6.103981161842276,5.909223737944939,-0.19475742389733686,False,-0.14005929397517325,-0.13918951587624684,0.0008697780989264103,9624,5992,-3632,19.959095187417343,15.762769339756227,4.196325847661116,0.0025286015744287816,0.00045804227256142355,0.06269623042147533,0.006589245055378769,0.09939057441416226,0.006464277688037662,6.918753866860112e-07,2.2106745885743807e-06,-3.436359045554014e-07,4.713928930941079e-06,3.2148470009351095e-06,0.0001091839152689113,0.004282879293254784,0.012754183834170934,-0.0016030383202813045,0.017581821256544516,0.00013208867688387484,0.017049805901253528,0.16208830214604447,0.011523779341460101,0.984917248622122,0.007993091198278844,2.689272239804268,0.16576448970849755,True,7.796657949998607e-08,2.3569555196445435e-09,0.0
4096,43102,P-budget-4096-seed-43102,S-budget-4096-seed-43102,/home/lizhaohui/lzq/stage3-ps-formal-20260726-1825/candidates/P-budget-4096-seed-43102/checkpoint.pt,36e525528c99c139f71ae7737f5b2b2cbfe207dfa29582e96d3a4c5fc51a8257,/home/lizhaohui/lzq/stage3-ps-formal-20260726-1825/candidates/S-budget-4096-seed-43102/checkpoint.pt,f4733b65b8ee0cfe85eb6c96c5baf0a79479d060864f391ac1a7915ca9a39b84,/home/lizhaohui/lzq/stage3-ps-formal-20260726-1825/candidates/S-budget-4096-seed-43102/adapter.mms2,770e7fd1a14914d3464221ffea3eaf042cb6e63bc75a035ad4485e85824e5a22,6.116041777721866,5.67007887758636,-0.44596290013550544,False,-0.14030447659249284,-0.14004914692018516,0.00025532967230768033,10536,7864,-2672,20.880668798316027,18.047983892693104,2.832684905622923,0.002636012668156026,0.00041670747158867457,0.0570944420835644,0.009157525876201476,0.09799154210552816,0.005959983974753844,-3.866226855136562e-07,1.765967188095609e-06,-2.1138259961812744e-07,4.302179035123719e-06,-1.2897060462900533e-06,9.97907551816373e-05,-0.002942374840262902,0.011816288244793813,-0.001825045119295029,0.017053938676543593,0.0007826850503085401,0.01777281039066166,0.15622114718874133,0.013140528393622671,0.991238044675157,0.01223711636377918,2.6890392005443573,0.16546032839112615,True,7.912747651379187e-08,1.7716956790536642e-09,0.0
4096,43103,P-budget-4096-seed-43103,S-budget-4096-seed-43103,/home/lizhaohui/lzq/stage3-ps-formal-20260726-1825/candidates/P-budget-4096-seed-43103/checkpoint.pt,fdca3785ceb919c3bb08f5d11d0191d016199499c38865fae2ed465127f3b3a8,/home/lizhaohui/lzq/stage3-ps-formal-20260726-1825/candidates/S-budget-4096-seed-43103/checkpoint.pt,a26dc74c448c9c9547b53c1f865d7818aac125935ca7153e0cae2960fe1f3d7c,/home/lizhaohui/lzq/stage3-ps-formal-20260726-1825/candidates/S-budget-4096-seed-43103/adapter.mms2,a5c63a7895d2ae059fde3d71b745f1dc2b7034ddd512c2f58b6fc84844eb2359,5.866741333513044,5.729930413152499,-0.13681092036054476,False,-0.1409791786789387,-0.14011881173030366,0.0008603669486350329,10200,5120,-5080,20.54595421540534,14.576363428048937,5.969590787356404,0.0029055646865424685,0.00039849634620707264,0.06619242338523917,0.00808807693330506,0.0986282632256206,0.006382098987693541,-6.040852132526097e-07,2.855668652028371e-06,-1.237388523208971e-08,3.815551602990879e-06,-2.2336621135423427e-05,8.242918140132031e-05,-0.0029849841632521995,0.01590690390896302,-0.0008379787971880318,0.013367769734530518,-0.003889767021817151,0.012645147595799282,0.1642716812331318,0.012247820703371218,0.9796753986967576,0.008518377293143304,2.686125621199608,0.17147808860620256,True,7.719720879900447e-08,2.017259248532355e-09,0.0
8192,43101,P-budget-8192-seed-43101,S-budget-8192-seed-43101,/home/lizhaohui/lzq/stage3-ps-formal-20260726-1825/candidates/P-budget-8192-seed-43101/checkpoint.pt,da3b1f24bad559e3cfb9d9426f7f9be1aa8d6d4d17f315b4f162dc3a79905b1d,/home/lizhaohui/lzq/stage3-ps-formal-20260726-1825/candidates/S-budget-8192-seed-43101/checkpoint.pt,55e080fd4e2b743befb85df6f2e8f1ea771c4a5bb3069e1a2cd135c399c24650,/home/lizhaohui/lzq/stage3-ps-formal-20260726-1825/candidates/S-budget-8192-seed-43101/adapter.mms2,78b62146b81ff3f260c022b598882958798938c0da4d38dd64d03949e40eea7c,6.241911312277183,6.260722410732672,0.01881109845548945,True,-0.13959451295938866,-0.13765484140150824,0.0019396715578804125,17272,8208,-9064,26.720142410265055,18.43711227813465,8.283030132130406,0.007347390802874624,0.0011037857341057284,0.07378672995420563,0.010668828546138697,0.13387433428963752,0.009256556457776042,-7.801763701592604e-07,6.641135151840709e-06,8.572090306881617e-07,1.0835875533192626e-05,-7.170015305303829e-06,0.00012459571850801548,-0.002343295901698507,0.012434439027081221,0.0003471257246018792,0.009838125658449328,-0.0009865804330283915,0.012442518833571026,0.21047386301012974,0.017055638251313066,0.9794589699109301,0.012031939634798127,2.637691229581833,0.1696935319358736,True,6.87593259568014e-08,1.902662916108966e-09,0.0
8192,43102,P-budget-8192-seed-43102,S-budget-8192-seed-43102,/home/lizhaohui/lzq/stage3-ps-formal-20260726-1825/candidates/P-budget-8192-seed-43102/checkpoint.pt,9cd3f74d4de0247d7276fa363125a94d510a6fd7ee16c960f71da6add10e249f,/home/lizhaohui/lzq/stage3-ps-formal-20260726-1825/candidates/S-budget-8192-seed-43102/checkpoint.pt,d0dc7f83ba6f84603c10d3b8dcab67d13f3aa8a49d92bad32ac4904d72c6ceca,/home/lizhaohui/lzq/stage3-ps-formal-20260726-1825/candidates/S-budget-8192-seed-43102/adapter.mms2,99b3011a08cf16df447149fd1d4be296efc0937b8e74d8d0df4b9aa43897bb52,6.073542288739626,5.904545014821735,-0.1689972739178911,False,-0.13929427986573012,-0.1392641178766943,3.016198903582623e-05,17024,9920,-7104,26.527959550174533,20.26279983678969,6.265159713384843,0.005391571609159584,0.0009299197444327412,0.06940983581412812,0.011982002439174091,0.13494599425209272,0.009780728345252425,2.515279202770326e-06,3.8094911329434106e-06,1.4817334937163067e-06,8.251483896167093e-06,-4.205797853786729e-05,0.00012429765390990826,0.006476160633679302,0.009329938519398569,0.001742585308776039,0.010531382637491218,-0.005343630328695454,0.014257405519677987,0.2085266594131449,0.018895745749358026,0.9950571344081967,0.013699420344483269,2.632539466023445,0.17103867054631172,True,6.888501605375199e-08,2.1591404220089316e-09,0.0
8192,43103,P-budget-8192-seed-43103,S-budget-8192-seed-43103,/home/lizhaohui/lzq/stage3-ps-formal-20260726-1825/candidates/P-budget-8192-seed-43103/checkpoint.pt,77f572065933bc95445b67b0832724b3beb8df38bc507af41563c427e85dab45,/home/lizhaohui/lzq/stage3-ps-formal-20260726-1825/candidates/S-budget-8192-seed-43103/checkpoint.pt,04424381925a2b790aa6e6cb3f803da9082d5aea1bf0a3e60e5c68de93484479,/home/lizhaohui/lzq/stage3-ps-formal-20260726-1825/candidates/S-budget-8192-seed-43103/adapter.mms2,7968784fa500d596c3b91db8840f61a4f6382c6f648f2b7dac245805009422ae,6.003386517081077,5.7595109220814775,-0.24387559499959988,False,-0.13842090794884604,-0.14111237160533324,-0.002691463656487203,17680,9856,-7824,27.033340631470132,20.197521152205564,6.835819479264568,0.006691427348343729,0.0016107986771234561,0.06846289774395675,0.0119926198256637,0.13719078598799686,0.008577996178757954,-6.875515101366819e-07,3.191600216537946e-06,1.1556130201057783e-06,9.45794376308804e-06,-8.345123366445076e-06,0.00010416481425128828,-0.0012400315039245381,0.007052390584008339,0.0017203061803293242,0.011228906202357765,-0.00030304029377492894,0.009668461497330647,0.21046107852014426,0.018313708793151827,0.9921635318205573,0.013476525413388177,2.6318583637475967,0.16679037383627096,True,6.714131863164088e-08,2.939486876130104e-09,0.0
