model_id,budget,method,mapping_root,category,record_count,image_count,language_risk_mean,language_risk_standard_deviation_population,visual_risk_mean,visual_risk_standard_deviation_population,total_semantic_risk_mean,total_semantic_risk_standard_deviation_population,visual_gain_mean,visual_gain_standard_deviation_population
M2-low-seed-43101,low,M2,43101,replace_attribute,674,450,0.5047211758502761,0.2670920606124078,0.5000012426269426,0.019091194521463968,0.5047236611041611,0.26856569689617144,-2.485253885094925e-06,0.03818238904292793
M2-low-seed-43101,low,M2,43101,replace_object,1414,711,0.5241672973656036,0.2623836791104681,0.49937374369314963,0.015916124281973244,0.5229147847519029,0.2631257969889655,0.001252512613700749,0.03183224856394649
M2-low-seed-43101,low,M2,43101,replace_relation,1219,677,0.4630110740690907,0.24524326791218887,0.49987511655057465,0.013452127003084789,0.46276130717024,0.24744509376071594,0.0002497668988507996,0.026904254006169574
M2-low-seed-43101,low,M2,43101,swap_atribute,585,518,0.47720464312149813,0.11265259580151506,0.49992081306531244,0.007963690162874603,0.477046269252123,0.11213141055655043,0.00015837386937511645,0.015927380325749207
M2-low-seed-43101,low,M2,43101,swap_object,215,194,0.4889562677166353,0.10692826206960766,0.5000131343257801,0.009011856165461166,0.48898253636819544,0.10719281083745631,-2.6268651560200185e-05,0.018023712330922332
M3-low-seed-43101,low,M3,43101,replace_attribute,674,450,0.5056427773306476,0.2674176306748479,0.4989560428840212,0.02245739234001693,0.5035548630986899,0.2681368230624393,0.0020879142319576364,0.04491478468003386
M3-low-seed-43101,low,M3,43101,replace_object,1414,711,0.5187914672571203,0.25227673997081884,0.49976838675195046,0.018554317469262886,0.5183282407610211,0.2522752577868431,0.0004632264960990649,0.03710863493852577
M3-low-seed-43101,low,M3,43101,replace_relation,1219,677,0.4594451037235573,0.24745197327513002,0.500459498921602,0.01528939602053952,0.4603641015667614,0.24909535441335215,-0.0009189978432040491,0.03057879204107904
M3-low-seed-43101,low,M3,43101,swap_atribute,585,518,0.4719559832943049,0.11451650190540481,0.49970420788882,0.009532403991585652,0.4713643990719447,0.11406131109003448,0.0005915842223601375,0.0190648079831713
M3-low-seed-43101,low,M3,43101,swap_object,215,194,0.4883382752461198,0.10415193380526233,0.49899225537557934,0.008930198325716511,0.4863227859972784,0.10616988975549581,0.0020154892488413417,0.017860396651433023
M2-low-seed-43102,low,M2,43102,replace_attribute,674,450,0.5038343258651351,0.2629794616656753,0.5013582305570585,0.011323128737718442,0.5065507869792522,0.2640420388420729,-0.0027164611141170234,0.022646257475436887
M2-low-seed-43102,low,M2,43102,replace_object,1414,711,0.5269103588930641,0.250847220200967,0.4994224203479924,0.010341697467921851,0.5257551995890489,0.25117878515056086,0.0011551593040152448,0.0206833949358437
M2-low-seed-43102,low,M2,43102,replace_relation,1219,677,0.43929985261100407,0.25018159418693,0.4998138829852194,0.007859916697045602,0.4389276185814428,0.2504797568509339,0.0003722340295612695,0.015719833394091203
M2-low-seed-43102,low,M2,43102,swap_atribute,585,518,0.47685616965893346,0.1143783951362037,0.4999122570913391,0.005739787370984113,0.47668068384161166,0.11491234961271458,0.00017548581732180696,0.011479574741968226
M2-low-seed-43102,low,M2,43102,swap_object,215,194,0.49072827900939037,0.10742985213053131,0.4997602160497879,0.0053178323072562836,0.4902487111089662,0.10776767980860709,0.0004795679004241776,0.010635664614512569
M3-low-seed-43102,low,M3,43102,replace_attribute,674,450,0.5103920271413057,0.2636010874250054,0.5014774866526569,0.02756078644967343,0.5133470004466195,0.26438192926764864,-0.0029549733053138337,0.05512157289934686
M3-low-seed-43102,low,M3,43102,replace_object,1414,711,0.5240678990993074,0.2447482097483609,0.5014743067109781,0.025966836611074257,0.5270165125212639,0.25274741530316447,-0.0029486134219563896,0.051933673222148515
M3-low-seed-43102,low,M3,43102,replace_relation,1219,677,0.4449616630915898,0.24831922462998882,0.4999496563183442,0.018574014542556118,0.4448609757282783,0.25075359666045843,0.00010068736331152075,0.037148029085112236
M3-low-seed-43102,low,M3,43102,swap_atribute,585,518,0.4752758276233514,0.10841388586626934,0.4998363997815065,0.01317345547259738,0.4749486271863644,0.1098740039665519,0.0003272004369870035,0.026346910945194764
M3-low-seed-43102,low,M3,43102,swap_object,215,194,0.48815487773677646,0.09774013177483432,0.49945579637424253,0.01289965937029759,0.4870664704852615,0.1023431531299928,0.0010884072515149337,0.025799318740595177
M2-low-seed-43103,low,M2,43103,replace_attribute,674,450,0.5037683239460222,0.26581601897601115,0.4994066177804716,0.017767972486531725,0.5025815595069653,0.2677729594277872,0.0011867644390568504,0.03553594497306345
M2-low-seed-43103,low,M2,43103,replace_object,1414,711,0.5249478572585716,0.26215898575176266,0.5004882667244743,0.014714142933305996,0.5259243907075203,0.26270610485305956,-0.0009765334489486229,0.02942828586661199
M2-low-seed-43103,low,M2,43103,replace_relation,1219,677,0.46304210699845333,0.2456503933225278,0.5000435979600791,0.01377886844658575,0.4631293029186118,0.24769068187858959,-8.71959201584457e-05,0.027557736893171505
M2-low-seed-43103,low,M2,43103,swap_atribute,585,518,0.47461514413574313,0.11479517879720794,0.5000788427626082,0.010163110860104033,0.47477282966095946,0.11506778748789052,-0.0001576855252162767,0.02032622172020807
M2-low-seed-43103,low,M2,43103,swap_object,215,194,0.4926610835185914,0.11278578413222091,0.5004711738978043,0.009563670314418873,0.4936034313141998,0.11347586756401622,-0.0009423477956084813,0.019127340628837742
M3-low-seed-43103,low,M3,43103,replace_attribute,674,450,0.5021106496971436,0.2563924828808397,0.5017588628973034,0.0196307899044844,0.5056283754917503,0.2566732401642874,-0.0035177257946067794,0.0392615798089688
M3-low-seed-43103,low,M3,43103,replace_object,1414,711,0.521029104741506,0.23926749776798698,0.5000572483668884,0.020804886196506434,0.5211436014752827,0.24018691360348818,-0.00011449673377671719,0.04160977239301287
M3-low-seed-43103,low,M3,43103,replace_relation,1219,677,0.44673479001835187,0.2460316590733857,0.49913528196260676,0.012226095113820185,0.44500535394356544,0.24716227013045058,0.0017294360747864806,0.02445219022764037
M3-low-seed-43103,low,M3,43103,swap_atribute,585,518,0.47831505517740075,0.10511709661675536,0.5000848973328862,0.00928935576253379,0.47848484984317324,0.10506178149960493,-0.00016979466577248428,0.01857871152506758
M3-low-seed-43103,low,M3,43103,swap_object,215,194,0.4861777982772074,0.09842182057973187,0.5004241328183686,0.008810466991470063,0.48702606391394476,0.09703155621799141,-0.0008482656367373267,0.017620933982940127
M2-current-seed-43101,current,M2,43101,replace_attribute,674,450,0.5079756778936931,0.2570870673683032,0.50028668595954,0.019263100873714495,0.508549049812773,0.2567794956379152,-0.0005733719190799223,0.03852620174742899
M2-current-seed-43101,current,M2,43101,replace_object,1414,711,0.528874772958963,0.2501537290123208,0.4986123964120389,0.015392901353330293,0.5260995657830407,0.24859835044096468,0.002775207175922263,0.030785802706660585
M2-current-seed-43101,current,M2,43101,replace_relation,1219,677,0.44686525619655576,0.24438035350514958,0.5005821896734483,0.014084204211782744,0.44802963554345226,0.24573591879046308,-0.0011643793468965084,0.028168408423565484
M2-current-seed-43101,current,M2,43101,swap_atribute,585,518,0.4777358212035385,0.10686149963624189,0.4989516707572322,0.007679066098683708,0.47563916271800283,0.10795623985434728,0.0020966584855357058,0.015358132197367416
M2-current-seed-43101,current,M2,43101,swap_object,215,194,0.48862605496895595,0.09862131547600066,0.5002039550668418,0.0077681912231852505,0.48903396510263963,0.09858412200906148,-0.00040791013368368136,0.015536382446370496
M3-current-seed-43101,current,M3,43101,replace_attribute,674,450,0.4999613656184592,0.25532291883470704,0.5003638748033147,0.0299112924245634,0.5006891152250887,0.261181046932553,-0.000727749606629495,0.0598225848491268
M3-current-seed-43101,current,M3,43101,replace_object,1414,711,0.5204236282759197,0.25634468622028755,0.5013878455827789,0.025548246760377598,0.5231993194414775,0.2608390700187892,-0.002775691165557812,0.05109649352075519
M3-current-seed-43101,current,M3,43101,replace_relation,1219,677,0.45585625335503943,0.2502108140333029,0.501155321594908,0.024133986341970635,0.45816689654485565,0.251360349293776,-0.0023106431898161973,0.04826797268394127
M3-current-seed-43101,current,M3,43101,swap_atribute,585,518,0.47735694115403215,0.10863778786230294,0.4990147068366484,0.013062323152145481,0.47538635482732877,0.10795273717365675,0.001970586326703347,0.026124646304290962
M3-current-seed-43101,current,M3,43101,swap_object,215,194,0.4874425003700701,0.10973056267409798,0.5020784476935628,0.011661614941560795,0.4915993957571957,0.10959966611372096,-0.004156895387125597,0.023323229883121587
M2-current-seed-43102,current,M2,43102,replace_attribute,674,450,0.5057834050777924,0.25663993116814915,0.5001039202072493,0.01775109010385459,0.5059912454922909,0.2582419855848853,-0.00020784041449853667,0.03550218020770918
M2-current-seed-43102,current,M2,43102,replace_object,1414,711,0.519026620907494,0.25436792061353997,0.499316251102424,0.014655418075097685,0.517659123112342,0.25535186390304515,0.001367497795151934,0.029310836150195366
M2-current-seed-43102,current,M2,43102,replace_relation,1219,677,0.44899876469431727,0.2477670183565155,0.5001913333170428,0.015391517823586302,0.4493814313284029,0.2490238144376655,-0.0003826666340856784,0.030783035647172604
M2-current-seed-43102,current,M2,43102,swap_atribute,585,518,0.47360471740767324,0.11410581548336722,0.49970717255113034,0.008007234480572395,0.4730190625099338,0.11428280048189311,0.0005856548977393792,0.01601446896114479
M2-current-seed-43102,current,M2,43102,swap_object,215,194,0.4916077175158514,0.10956141245818757,0.49942777320341447,0.007528384866486438,0.49046326392268036,0.10933104024806449,0.001144453593171069,0.015056769732972874
M3-current-seed-43102,current,M3,43102,replace_attribute,674,450,0.5100597499416096,0.26570727860714316,0.5006040801487122,0.02757701473823259,0.5112679102390338,0.269779784566096,-0.001208160297424303,0.05515402947646519
M3-current-seed-43102,current,M3,43102,replace_object,1414,711,0.524794057372024,0.25457231926372,0.5001997177308753,0.02263619526675999,0.5251934928337746,0.25432354765135845,-0.0003994354617506602,0.045272390533519974
M3-current-seed-43102,current,M3,43102,replace_relation,1219,677,0.4789913335049244,0.24568608578744291,0.49906649529683245,0.020369373546908875,0.4771243240985893,0.24900544630294205,0.001867009406335126,0.04073874709381775
M3-current-seed-43102,current,M3,43102,swap_atribute,585,518,0.4747420548852519,0.11150358769965031,0.5005830937870682,0.012146884381964675,0.47590824245938845,0.1126822158580739,-0.0011661875741365369,0.02429376876392935
M3-current-seed-43102,current,M3,43102,swap_object,215,194,0.4950721982986717,0.1113561667619377,0.5001967689691211,0.012377416713706627,0.4954657362369141,0.11149528783274992,-0.0003935379382423633,0.02475483342741325
M2-current-seed-43103,current,M2,43103,replace_attribute,674,450,0.5125372748971394,0.25765410852165604,0.5003810570848156,0.020439438635792038,0.5132993890667705,0.2593209006207605,-0.0007621141696312544,0.040878877271584076
M2-current-seed-43103,current,M2,43103,replace_object,1414,711,0.520692363697131,0.2516587376091986,0.49935793408873363,0.01735370671668447,0.5194082318745984,0.25438154989306744,0.0012841318225326039,0.034707413433368944
M2-current-seed-43103,current,M2,43103,replace_relation,1219,677,0.44554448466457475,0.24691110820551004,0.500326711559335,0.014918870429276272,0.44619790778324453,0.24875025132920875,-0.00065342311866978,0.029837740858552543
M2-current-seed-43103,current,M2,43103,swap_atribute,585,518,0.4788040878062403,0.10647845451577112,0.49962531535885735,0.009383423912331714,0.47805471852395487,0.1067601420428936,0.000749369282285414,0.018766847824663428
M2-current-seed-43103,current,M2,43103,swap_object,215,194,0.4877141891373218,0.10647065336176857,0.5012245736708291,0.008786023621144902,0.4901633364789799,0.10708219840285213,-0.002449147341658152,0.0175720472422898
M3-current-seed-43103,current,M3,43103,replace_attribute,674,450,0.4927560634213822,0.2655959818784483,0.4999790224664763,0.02443417291491514,0.49271410835433477,0.2679468258839145,4.195506704738887e-05,0.04886834582983029
M3-current-seed-43103,current,M3,43103,replace_object,1414,711,0.523994174381743,0.26712074633620153,0.4999924692303073,0.018677274375473913,0.5239791128423577,0.2696391986067401,1.5061539385272495e-05,0.037354548750947826
M3-current-seed-43103,current,M3,43103,replace_relation,1219,677,0.44881334416989654,0.24694418601345022,0.4996705185158978,0.017812890545908414,0.4481543812016921,0.2487372427235522,0.0006589629682044567,0.03562578109181683
M3-current-seed-43103,current,M3,43103,swap_atribute,585,518,0.4721939242354499,0.11284445494311524,0.49972651332448614,0.011235125994179453,0.47164695088442216,0.1127009870864347,0.0005469733510277857,0.02247025198835891
M3-current-seed-43103,current,M3,43103,swap_object,215,194,0.4918742924235955,0.10383250910079875,0.5012104175721341,0.010496116312602236,0.49429512756786387,0.10690489939257548,-0.0024208351442683643,0.020992232625204468
M2-high-seed-43101,high,M2,43101,replace_attribute,674,450,0.5057918424865891,0.2564560352955297,0.49975151801156226,0.02528039628288294,0.5052948785097137,0.256077278483012,0.0004969639768754901,0.05056079256576588
M2-high-seed-43101,high,M2,43101,replace_object,1414,711,0.520613641578672,0.23935217309147477,0.499529295625586,0.02270921819713957,0.5196722328298439,0.2416766492824562,0.0009414087488280287,0.04541843639427914
M2-high-seed-43101,high,M2,43101,replace_relation,1219,677,0.4457652284202093,0.24974820768348713,0.49930890832355607,0.018976108283858963,0.4443830450673215,0.25102049273335253,0.0013821833528878768,0.037952216567717925
M2-high-seed-43101,high,M2,43101,swap_atribute,585,518,0.47765390551734044,0.10612937101059093,0.5006669609023475,0.009167548750015173,0.47898782732203554,0.10713611497361027,-0.0013339218046950977,0.018335097500030345
M2-high-seed-43101,high,M2,43101,swap_object,215,194,0.4897904661256671,0.1015958451974168,0.5003561968898413,0.009484095782716294,0.4905028599053499,0.10007691534423295,-0.0007123937796827944,0.018968191565432592
M3-high-seed-43101,high,M3,43101,replace_attribute,674,450,0.5085188780287211,0.26708943999284085,0.49963393357427477,0.021035225740319987,0.5077867451772707,0.26904619953579956,0.0007321328514503595,0.04207045148063998
M3-high-seed-43101,high,M3,43101,replace_object,1414,711,0.5270530598684697,0.2605710269609978,0.5003971228686166,0.016407092551346564,0.5278473056057029,0.2622247160999585,-0.0007942457372332587,0.03281418510269313
M3-high-seed-43101,high,M3,43101,replace_relation,1219,677,0.44130811345417525,0.24971841107734705,0.5001864379766707,0.014168190089643614,0.44168098940751666,0.24863741405001777,-0.0003728759533414225,0.028336380179287225
M3-high-seed-43101,high,M3,43101,swap_atribute,585,518,0.47612474578911607,0.1119153656908227,0.5004423049355708,0.009306509638018538,0.477009355660258,0.11345210298481069,-0.0008846098711418925,0.01861301927603708
M3-high-seed-43101,high,M3,43101,swap_object,215,194,0.4934031370311392,0.09720748654616615,0.5001401685320703,0.009751002000856832,0.49368347409527985,0.09704006901708749,-0.0002803370641406671,0.01950200400171366
M2-high-seed-43102,high,M2,43102,replace_attribute,674,450,0.4988404847636225,0.2632110857039272,0.5012376508850195,0.02111702383100135,0.5013157865336614,0.26340811932186736,-0.002475301770038915,0.0422340476620027
M2-high-seed-43102,high,M2,43102,replace_object,1414,711,0.5184175684595954,0.2503065694375948,0.5009827462083722,0.019631441864586305,0.52038306087634,0.2504941408484611,-0.0019654924167445856,0.0392628837291726
M2-high-seed-43102,high,M2,43102,replace_relation,1219,677,0.4312110095793413,0.2411518474033888,0.4995007002621451,0.01615195844388683,0.4302124101036314,0.2430321294747785,0.0009985994757099052,0.03230391688777366
M2-high-seed-43102,high,M2,43102,swap_atribute,585,518,0.4781667096912014,0.10799606602304526,0.49911164233289945,0.008281397172094912,0.4763899943570003,0.10857196273585301,0.0017767153342010905,0.016562794344189828
M2-high-seed-43102,high,M2,43102,swap_object,215,194,0.4918081572487747,0.09929870662238004,0.49989165703650046,0.009002370790870238,0.49159147132177555,0.10295098680082852,0.00021668592699910412,0.018004741581740483
M3-high-seed-43102,high,M3,43102,replace_attribute,674,450,0.5017481286342963,0.26155539076086337,0.5005925720425639,0.024105102693236215,0.5029332727194241,0.2626821998095998,-0.0011851440851278455,0.04821020538647243
M3-high-seed-43102,high,M3,43102,replace_object,1414,711,0.520211089814462,0.24840901704361265,0.5007327711214439,0.022338453574780863,0.5216766320573497,0.25354346303531533,-0.0014655422428877672,0.044676907149561726
M3-high-seed-43102,high,M3,43102,replace_relation,1219,677,0.4539356198789427,0.2439952862129524,0.5009066052751342,0.018131915021203815,0.45574883042921116,0.24672076219625783,-0.0018132105502685055,0.03626383004240763
M3-high-seed-43102,high,M3,43102,swap_atribute,585,518,0.4784400627378033,0.10609044813169909,0.4992770556777812,0.01085790588623561,0.4769941740933657,0.1089162734846927,0.0014458886444375786,0.02171581177247122
M3-high-seed-43102,high,M3,43102,swap_object,215,194,0.48964285260628976,0.1032951521525927,0.5005254482472455,0.00976108011916785,0.49069374910078084,0.1010806213960503,-0.0010508964944910353,0.0195221602383357
M2-high-seed-43103,high,M2,43103,replace_attribute,674,450,0.5066903617611406,0.26552418073417655,0.501320539410771,0.017065485909236417,0.5093314405826826,0.2678766530810531,-0.0026410788215420282,0.034130971818472834
M2-high-seed-43103,high,M2,43103,replace_object,1414,711,0.5294014545454033,0.2602434846142406,0.49847635529532125,0.01678479532838611,0.5263541651360457,0.25829672466425746,0.0030472894093575903,0.033569590656772216
M2-high-seed-43103,high,M2,43103,replace_relation,1219,677,0.4455264856536855,0.24688327462427312,0.4996163728460814,0.014362886434542135,0.4447592313458483,0.2485931393631967,0.0007672543078371469,0.02872577286908427
M2-high-seed-43103,high,M2,43103,swap_atribute,585,518,0.4759309781835518,0.11250893683482072,0.4995404539606698,0.009645840226396592,0.4750118861048915,0.11319290198546096,0.0009190920786603417,0.01929168045279318
M2-high-seed-43103,high,M2,43103,swap_object,215,194,0.49846929264584927,0.10830221347530508,0.4999319097838052,0.008304871109738435,0.4983331122134598,0.10905328575618163,0.00013618043238950727,0.016609742219476874
M3-high-seed-43103,high,M3,43103,replace_attribute,674,450,0.5029793658218595,0.26128394515153713,0.5029209572346419,0.02225061220305861,0.5088212802911433,0.2659646702645059,-0.005841914469283783,0.04450122440611722
M3-high-seed-43103,high,M3,43103,replace_object,1414,711,0.5241774722543581,0.2561057997059181,0.4985705569199655,0.019652065436432855,0.521318586094289,0.25886492659501575,0.002858886160069042,0.03930413087286571
M3-high-seed-43103,high,M3,43103,replace_relation,1219,677,0.45358636560420595,0.24349608716110016,0.4995478370622392,0.018676521425745073,0.4526820397286845,0.24564731274226145,0.000904325875521519,0.037353042851490145
M3-high-seed-43103,high,M3,43103,swap_atribute,585,518,0.47404549396568674,0.10712669166022767,0.4995299145673746,0.009363242270876372,0.47310532310043596,0.10880323367018446,0.0009401708652507495,0.018726484541752745
M3-high-seed-43103,high,M3,43103,swap_object,215,194,0.4889380776818316,0.09726192279630276,0.49986018154896206,0.01079518694465375,0.48865844077975573,0.09792687156548549,0.00027963690207593954,0.0215903738893075
