model_id,method,category,record_count,image_count,language_risk_mean,language_risk_standard_deviation,language_risk_median,language_risk_p25,language_risk_p75,visual_risk_mean,visual_risk_standard_deviation,visual_risk_median,visual_risk_p25,visual_risk_p75,total_semantic_risk_mean,total_semantic_risk_standard_deviation,total_semantic_risk_median,total_semantic_risk_p25,total_semantic_risk_p75,visual_gain_mean
M0-root-43101,M0,replace_attribute,674,450,0.5064722830275145,0.2613680647069877,0.5033096918024831,0.3188408526816356,0.704863313306562,0.5,6.366999717856982e-18,0.5,0.5,0.5,0.5064722830275145,0.2613680647069877,0.5033096918024831,0.31884085268163553,0.704863313306562,-1.7125374870768722e-19
M0-root-43101,M0,replace_object,1414,711,0.530518680154651,0.2610277300660979,0.533844060558541,0.34842584065429394,0.7387925051383751,0.5,5.4808255995209654e-18,0.5,0.5,0.5,0.530518680154651,0.2610277300660979,0.5338440605585408,0.34842584065429394,0.7387925051383751,-3.062705940034767e-19
M0-root-43101,M0,replace_relation,1219,677,0.4804024453623554,0.2437421471554751,0.4873233179810082,0.3037068937928094,0.6485525631190957,0.5,7.618110737241814e-18,0.5,0.5,0.5,0.4804024453623554,0.2437421471554751,0.4873233179810082,0.3037068937928094,0.6485525631190957,-6.067688613165553e-19
M0-root-43101,M0,swap_atribute,585,518,0.47684789012658346,0.10943969892047632,0.4806988755935923,0.4197370493815898,0.5440808986170882,0.5,0.0,0.5,0.5,0.5,0.47684789012658346,0.10943969892047632,0.4806988755935923,0.4197370493815898,0.5440808986170882,3.3042351923367757e-19
M0-root-43101,M0,swap_object,215,194,0.49824047615779216,0.10071343776483628,0.504574455130689,0.45108244679021314,0.5583721756977942,0.5,3.97518329520684e-18,0.5,0.5,0.5,0.49824047615779216,0.1007134377648363,0.504574455130689,0.45108244679021314,0.5583721756977942,9.53799849334327e-19
M0-root-43102,M0,replace_attribute,674,450,0.5062353989831394,0.2712691830046861,0.507458683392905,0.3116900302066858,0.7180006518963646,0.5,8.943250564992656e-18,0.5,0.5,0.5,0.5062353989831394,0.2712691830046861,0.507458683392905,0.3116900302066858,0.7180006518963646,5.279663023644227e-19
M0-root-43102,M0,replace_object,1414,711,0.5140846477253476,0.24865627566021078,0.5176892193040861,0.33499761066239464,0.7049377659989833,0.5,7.437209594297021e-18,0.5,0.5,0.5,0.5140846477253476,0.24865627566021078,0.5176892193040861,0.33499761066239464,0.7049377659989833,-4.3957713959937376e-20
M0-root-43102,M0,replace_relation,1219,677,0.4680328754455779,0.2490111194049348,0.4612578746100824,0.28717093809943983,0.6476548265659451,0.5,9.399164447514056e-18,0.5,0.5,0.5,0.4680328754455779,0.2490111194049348,0.4612578746100824,0.2871709380994399,0.6476548265659451,5.364745520733789e-19
M0-root-43102,M0,swap_atribute,585,518,0.47679916274966105,0.11883275395762392,0.4825944381765717,0.41008493495640863,0.5449270597932401,0.5,4.2122555994565666e-18,0.5,0.5,0.5,0.47679916274966105,0.11883275395762392,0.4825944381765717,0.41008493495640863,0.54492705979324,2.143287692326557e-19
M0-root-43102,M0,swap_object,215,194,0.4915942494087606,0.10999802497793115,0.5012248032919697,0.42840384260059183,0.5602640885074004,0.5,3.97518329520684e-18,0.5,0.5,0.5,0.4915942494087606,0.10999802497793115,0.5012248032919697,0.42840384260059183,0.5602640885074004,1.7645297212685047e-18
M0-root-43103,M0,replace_attribute,674,450,0.4973486403152184,0.27400530761934366,0.49559433100178785,0.28421359877075003,0.7056724557271169,0.5,5.818790592604745e-18,0.5,0.5,0.5,0.4973486403152184,0.27400530761934366,0.49559433100178785,0.28421359877075003,0.7056724557271169,-1.0104362691204721e-18
M0-root-43103,M0,replace_object,1414,711,0.515754972349975,0.25134686285153235,0.5199381340499667,0.3282545700384521,0.7155970479912701,0.5,4.63871815705522e-18,0.5,0.5,0.5,0.515754972349975,0.25134686285153235,0.5199381340499667,0.3282545700384521,0.7155970479912701,-3.185307704687136e-19
M0-root-43103,M0,replace_relation,1219,677,0.4586412368947407,0.25461740409647754,0.46063186406551987,0.2604636265966926,0.6572691645270432,0.5,8.685363393115757e-18,0.5,0.5,0.5,0.4586412368947407,0.25461740409647754,0.46063186406551987,0.2604636265966926,0.6572691645270432,1.0900208842925413e-18
M0-root-43103,M0,swap_atribute,585,518,0.4744689415427547,0.12511578153997613,0.4817113024571962,0.4018614820538453,0.5440982298134758,0.5,4.2122555994565666e-18,0.5,0.5,0.5,0.4744689415427547,0.12511578153997613,0.4817113024571962,0.4018614820538453,0.5440982298134757,5.894041153898032e-19
M0-root-43103,M0,swap_object,215,194,0.49076563502653486,0.123909418723997,0.494756690102961,0.42254381817853126,0.5768288155891351,0.5,0.0,0.5,0.5,0.5,0.49076563502653486,0.123909418723997,0.494756690102961,0.42254381817853126,0.5768288155891352,-3.195229495269995e-18
M1-root-none,M1,replace_attribute,674,450,0.4997100813205587,0.2528530005121279,0.4948162467894931,0.32600761459321237,0.6872827040150461,0.5000968532733321,0.022939109184600865,0.5000912106087103,0.4917386326559301,0.5105537544007892,0.499903787867223,0.25635676209076447,0.49316007826494784,0.3154385587009505,0.6856962637088688,-0.00019370654666422027
M1-root-none,M1,replace_object,1414,711,0.5314498455743945,0.2564547468472369,0.5305062714180959,0.3448088686194285,0.7312995789516354,0.49794055774124046,0.019238048341874037,0.4988213695375552,0.4901407061102556,0.5072473168323407,0.5273309610568755,0.2586693737584323,0.5301090451143873,0.34092855959390683,0.7242000886130602,0.0041188845175189875
M1-root-none,M1,replace_relation,1219,677,0.45303061969848196,0.2448052527068146,0.4583269996470176,0.2686581871659132,0.62834711975622,0.4996128639217965,0.01702265591746526,0.49977086930259673,0.49184521360816646,0.5075415476842954,0.4522563475420749,0.24690042904602488,0.46302298523513397,0.26420170743387533,0.6244258343601511,0.0007742721564070699
M1-root-none,M1,swap_atribute,585,518,0.47710125346957794,0.10622397121589387,0.4776938100622536,0.4157825027980004,0.5380167577089935,0.5002100329092494,0.009783919933726423,0.4999046078358093,0.49522861453370104,0.5055500323684082,0.4775213192880767,0.10671096895323715,0.4798008876412617,0.4203740789482612,0.5398423929012099,-0.00042006581849872557
M1-root-none,M1,swap_object,215,194,0.49164586371877816,0.0963746974816809,0.4934230004677986,0.4431748672229068,0.552403872417325,0.500443593059036,0.010537694888503044,0.500572794237695,0.49467391337871924,0.5066784401403347,0.49253304983685003,0.09728344343205046,0.4992293967561568,0.43910346934442435,0.5501051315807763,-0.0008871861180718699
M2-root-43101,M2,replace_attribute,674,450,0.5079756778936931,0.2570870673683032,0.5188841361388765,0.33202150136059816,0.6912358263791664,0.50028668595954,0.019263100873714495,0.5002769181004985,0.4915386595056852,0.5095295801036752,0.508549049812773,0.2567794956379152,0.5086934256707476,0.3231773959587887,0.6883803636459208,-0.0005733719190799223
M2-root-43101,M2,replace_object,1414,711,0.528874772958963,0.2501537290123208,0.5317831214716287,0.33383895766416005,0.7307481306220851,0.4986123964120389,0.015392901353330293,0.4990964210292919,0.49172532344179065,0.5072364375456665,0.5260995657830407,0.24859835044096468,0.5367395924209697,0.33530512020720116,0.7236858415414957,0.002775207175922263
M2-root-43101,M2,replace_relation,1219,677,0.44686525619655576,0.24438035350514958,0.4383304894410449,0.2725934559221168,0.6168249076638863,0.5005821896734483,0.014084204211782744,0.4999343107266731,0.49359114456502107,0.5080530660774563,0.44802963554345226,0.24573591879046308,0.4408517921017562,0.26978083610914144,0.6218390284667057,-0.0011643793468965084
M2-root-43101,M2,swap_atribute,585,518,0.4777358212035385,0.10686149963624189,0.4757850072179158,0.42112320723913466,0.5410820876855823,0.4989516707572322,0.007679066098683708,0.49938710153334576,0.49506301396253954,0.5032872634120156,0.47563916271800283,0.10795623985434728,0.4774358614861977,0.41738575579875525,0.5375643325454669,0.0020966584855357058
M2-root-43101,M2,swap_object,215,194,0.48862605496895595,0.09862131547600066,0.49481906163073663,0.4380406961524613,0.5469385167436336,0.5002039550668418,0.0077681912231852505,0.4996641921863235,0.4959668511557345,0.5040801398520554,0.48903396510263963,0.09858412200906148,0.4928383196838714,0.4394145581310479,0.5497076658419362,-0.00040791013368368136
M2-root-43102,M2,replace_attribute,674,450,0.5057834050777924,0.25663993116814915,0.508206504110416,0.3209165534997479,0.6867254939475889,0.5001039202072493,0.01775109010385459,0.49990558928541706,0.4930385395193783,0.5074676555602056,0.5059912454922909,0.2582419855848853,0.5029694145465684,0.3225467652513295,0.6861034779652595,-0.00020784041449853667
M2-root-43102,M2,replace_object,1414,711,0.519026620907494,0.25436792061353997,0.523903121022946,0.3300077091089497,0.7101271986697668,0.499316251102424,0.014655418075097685,0.49902773333517203,0.49235895135557284,0.5065495753473432,0.517659123112342,0.25535186390304515,0.5281910783298589,0.32770327842504043,0.7142806940232926,0.001367497795151934
M2-root-43102,M2,replace_relation,1219,677,0.44899876469431727,0.2477670183565155,0.44105844071091194,0.25810399600254486,0.6240802766668953,0.5001913333170428,0.015391517823586302,0.4999374412780232,0.49425104109584905,0.5063835987206525,0.4493814313284029,0.2490238144376655,0.4401057077662062,0.26372497092382147,0.6237215389322326,-0.0003826666340856784
M2-root-43102,M2,swap_atribute,585,518,0.47360471740767324,0.11410581548336722,0.4745043808789878,0.4109686020293788,0.5338189185075165,0.49970717255113034,0.008007234480572395,0.5001091864431042,0.4954944835228222,0.5044316290512985,0.4730190625099338,0.11428280048189311,0.47715196542569177,0.40634769600716547,0.5322243815249679,0.0005856548977393792
M2-root-43102,M2,swap_object,215,194,0.4916077175158514,0.10956141245818757,0.4900335361106692,0.44198195679533087,0.5671823752859362,0.49942777320341447,0.007528384866486438,0.5000193711896748,0.49531928421789695,0.5039000368931871,0.49046326392268036,0.10933104024806449,0.4889737864289189,0.4395640666156466,0.5677046444778255,0.001144453593171069
M2-root-43103,M2,replace_attribute,674,450,0.5125372748971394,0.25765410852165604,0.5150494429879882,0.32093239740710633,0.7004945373471448,0.5003810570848156,0.020439438635792038,0.5001248879086766,0.49244491228292964,0.508176104937587,0.5132993890667705,0.2593209006207605,0.5138520630496545,0.3279277845876729,0.6955265618029955,-0.0007621141696312544
M2-root-43103,M2,replace_object,1414,711,0.520692363697131,0.2516587376091986,0.53516379363904,0.34269469042595774,0.720993716375955,0.49935793408873363,0.01735370671668447,0.4992539802879203,0.49083500249878126,0.5067919303758104,0.5194082318745984,0.25438154989306744,0.5330535551710645,0.330749176458648,0.7183905718053012,0.0012841318225326039
M2-root-43103,M2,replace_relation,1219,677,0.44554448466457475,0.24691110820551004,0.43735996564890733,0.2602608875403407,0.6222817028022042,0.500326711559335,0.014918870429276272,0.5001805393643469,0.49363263529739554,0.5067142955921892,0.44619790778324453,0.24875025132920875,0.43792448324324235,0.2532724527953093,0.630409545737292,-0.00065342311866978
M2-root-43103,M2,swap_atribute,585,518,0.4788040878062403,0.10647845451577112,0.48334330356237304,0.4176076681351183,0.5347401312688355,0.49962531535885735,0.009383423912331714,0.49976008093161406,0.495158780925603,0.5044399463552054,0.47805471852395487,0.1067601420428936,0.48121348272191716,0.4191553799935288,0.5349700089699678,0.000749369282285414
M2-root-43103,M2,swap_object,215,194,0.4877141891373218,0.10647065336176857,0.5013149559385207,0.4300062252275469,0.5609042289269238,0.5012245736708291,0.008786023621144902,0.5009092166914143,0.4964090790006759,0.5047620482183184,0.4901633364789799,0.10708219840285213,0.49668807093460743,0.428789035854237,0.5567815464285955,-0.002449147341658152
M3-root-43101,M3,replace_attribute,674,450,0.4999613656184592,0.25532291883470704,0.4900456499903945,0.3256132785677016,0.6746673003379557,0.5003638748033147,0.0299112924245634,0.5000814700196881,0.48794238550216873,0.5134747207639906,0.5006891152250887,0.261181046932553,0.49728408728774554,0.29688006119335664,0.6932692070359066,-0.000727749606629495
M3-root-43101,M3,replace_object,1414,711,0.5204236282759197,0.25634468622028755,0.5388410865517677,0.3240104654080986,0.7106077157626371,0.5013878455827789,0.025548246760377598,0.5000653290288555,0.48913322488422906,0.5115340377906983,0.5231993194414775,0.2608390700187892,0.5301510979370287,0.33037820491597514,0.7228083135391002,-0.002775691165557812
M3-root-43101,M3,replace_relation,1219,677,0.45585625335503943,0.2502108140333029,0.45829271185565273,0.27109003011878574,0.6276716359279512,0.501155321594908,0.024133986341970635,0.5001793207043285,0.49053804833545495,0.5119273577939896,0.45816689654485565,0.251360349293776,0.4555190421643647,0.27810393912441855,0.6335934659567957,-0.0023106431898161973
M3-root-43101,M3,swap_atribute,585,518,0.47735694115403215,0.10863778786230294,0.4762643229898828,0.4146241881766081,0.5459929436417499,0.4990147068366484,0.013062323152145481,0.49881398100577673,0.49183855975412505,0.5065986294595388,0.47538635482732877,0.10795273717365675,0.47461107474846986,0.4191828252624239,0.5451789252225757,0.001970586326703347
M3-root-43101,M3,swap_object,215,194,0.4874425003700701,0.10973056267409798,0.4886961378073345,0.4328220334231045,0.5554116343177598,0.5020784476935628,0.011661614941560795,0.5010475566109941,0.49457076204326783,0.5086450363736739,0.4915993957571957,0.10959966611372096,0.49572639188618145,0.43455487227015843,0.5674330637948335,-0.004156895387125597
M3-root-43102,M3,replace_attribute,674,450,0.5100597499416096,0.26570727860714316,0.5135078768334068,0.3180255902810919,0.7106388782018617,0.5006040801487122,0.02757701473823259,0.5007805399284565,0.4889962287175616,0.5126851914086814,0.5112679102390338,0.269779784566096,0.5014909694840164,0.2987581278176374,0.7136537956619159,-0.001208160297424303
M3-root-43102,M3,replace_object,1414,711,0.524794057372024,0.25457231926372,0.531857412874577,0.3288613488509873,0.7126156491391513,0.5001997177308753,0.02263619526675999,0.49983134260892653,0.48968187769013094,0.5103083101070727,0.5251934928337746,0.25432354765135845,0.5309266294438941,0.3467927980665201,0.715453123196439,-0.0003994354617506602
M3-root-43102,M3,replace_relation,1219,677,0.4789913335049244,0.24568608578744291,0.48493036414026147,0.3157791433882572,0.6491714014108046,0.49906649529683245,0.020369373546908875,0.49934773356179507,0.48969523838039375,0.5082488120103413,0.4771243240985893,0.24900544630294205,0.48273058163244836,0.30224299829412615,0.6534338519456394,0.001867009406335126
M3-root-43102,M3,swap_atribute,585,518,0.4747420548852519,0.11150358769965031,0.47569670238143846,0.41439146279869066,0.5457596133857938,0.5005830937870682,0.012146884381964675,0.5006672438834188,0.4943328937363699,0.5071763248489949,0.47590824245938845,0.1126822158580739,0.4759666414514007,0.41290192044922835,0.5464386395733637,-0.0011661875741365369
M3-root-43102,M3,swap_object,215,194,0.4950721982986717,0.1113561667619377,0.5028545762758911,0.4237532088236827,0.5601305406902326,0.5001967689691211,0.012377416713706627,0.5007408985592694,0.4943814185219847,0.5077594474957647,0.4954657362369141,0.11149528783274992,0.5028576370398062,0.4356756179104092,0.5730918850538309,-0.0003935379382423633
M3-root-43103,M3,replace_attribute,674,450,0.4927560634213822,0.2655959818784483,0.4979703546027665,0.2907425803782155,0.676016178101354,0.4999790224664763,0.02443417291491514,0.49979309608941624,0.4910090771789481,0.5113660633296929,0.49271410835433477,0.2679468258839145,0.4938882085227535,0.2936650187200617,0.6929406084716037,4.195506704738887e-05
M3-root-43103,M3,replace_object,1414,711,0.523994174381743,0.26712074633620153,0.5306006306043916,0.31844703156527576,0.7376363960349683,0.4999924692303073,0.018677274375473913,0.5002048342400597,0.4916396224111204,0.5083738240217912,0.5239791128423577,0.2696391986067401,0.5352546897250395,0.31267134846830946,0.7411168889586559,1.5061539385272495e-05
M3-root-43103,M3,replace_relation,1219,677,0.44881334416989654,0.24694418601345022,0.4429215153139674,0.2622443441014807,0.6255210232719502,0.4996705185158978,0.017812890545908414,0.49958602626219495,0.49088874946250105,0.5084121539838824,0.4481543812016921,0.2487372427235522,0.44109794408189024,0.2662279194113232,0.6365529817823792,0.0006589629682044567
M3-root-43103,M3,swap_atribute,585,518,0.4721939242354499,0.11284445494311524,0.4704549035130244,0.4049618458758705,0.5433833898228964,0.49972651332448614,0.011235125994179453,0.4997175991285611,0.4945352533114147,0.5050864784888363,0.47164695088442216,0.1127009870864347,0.46809319399699667,0.4069329410176851,0.5376710956047792,0.0005469733510277857
M3-root-43103,M3,swap_object,215,194,0.4918742924235955,0.10383250910079875,0.49548099583876754,0.43472798689932457,0.5563207175270305,0.5012104175721341,0.010496116312602236,0.5014530043220886,0.49495768212292346,0.5083820310426175,0.49429512756786387,0.10690489939257548,0.4959636953866715,0.43952174242398234,0.5675906671194323,-0.0024208351442683643
