budget,mapping_root,m2_model_id,m3_model_id,delta_R,predicted_delta_V_sign,delta_V_bits_per_token,ci_lower,ci_upper,prediction_concordant,ci_excludes_zero_in_predicted_direction
low,43101,M2-low-seed-43101,M3-low-seed-43101,-0.0025166901112255724,1,-0.04648637607431273,-0.14661982862230344,0.05441601096008195,False,False
low,43102,M2-low-seed-43102,M3-low-seed-43102,-0.00037143072407530564,1,0.09566579905183441,-0.025614507605555448,0.2139718822063522,True,False
low,43103,M2-low-seed-43103,M3-low-seed-43103,-0.003837535480064491,1,0.5950440786208842,0.39535435401309604,0.7860811686567357,True,True
current,43101,M2-current-seed-43101,M3-current-seed-43101,0.001010617039284012,-1,-0.20158358828772896,-0.2914038872837124,-0.109527648690068,True,True
current,43102,M2-current-seed-43102,M3-current-seed-43102,0.00937383557998922,-1,0.4378180933411765,0.28015311501879003,0.5856256377271081,False,False
current,43103,M2-current-seed-43103,M3-current-seed-43103,-0.0018657836912790993,1,0.03790971367636332,-0.08020770348569595,0.1595117325737064,True,False
high,43101,M2-high-seed-43101,M3-high-seed-43101,0.003354947134629749,-1,-0.5387098937203507,-0.7634416478550697,-0.31515947784635256,True,True
high,43102,M2-high-seed-43102,M3-high-seed-43102,0.005839997039802869,-1,-0.1913155065110693,-0.28151898620206356,-0.10424169190103168,True,True
high,43103,M2-high-seed-43103,M3-high-seed-43103,-0.0014460931061917037,1,-0.10929040559703213,-0.20452304548873176,-0.012517680806839815,False,False
